rang,priorite,societe,agrement_amf,site,siege,standard_public,fonds_esg_grand_public,compartiments_total_geco,socles_appeles,fonds_et_isin,accroche_factuelle,point_a_verifier,fiche_geco,contact_nom,contact_fonction,contact_source,date_1er_contact,reponse,entretien,proposition,issue
"1","P1","ERES GESTION","GP-07000005","www.eres-gestion.com","115, rue Réaumur, 75002, PARIS","01.49.70.98.88","14","176","CTB+PAB","ACTIONS SOLIDAIRES ISR (990000100689) | ERES MULTI ISR COURT TERME (FR0014002Y67) | ERES MULTI ISR ENVIRONNEMENT (FR0014003LP3) | ERES MULTI ISR LONG TERME (FR0014002Y91) | ERES MULTI ISR MODERE (FR0014002YC6) | ERES MULTI ISR MOYEN TERME (FR0014002YF9) | ERES SELECT ISR COURT TERME (990000129779) | ERES SELECT ISR ENVIRONNEMENT (990000130189) | ERES SELECT ISR LONG TERME (990000129879) | ERES SELECT ISR MODERE (990000129819) | ERES SELECT ISR MOYEN TERME (990000129849) | ACTIONS IMPACT GROUP (990000131059) | ERES MULTIGESTION PARTAGE & SOLIDAIRE (FR0014002OW5) | ERES SELECTION PARTAGE & SOLIDAIRE (990000119699)","14 fonds grand public au nom ESG (socles appelés : CTB+PAB)","","https://geco.amf-france.org/societe-de-gestion-agree-francaise/12675","","","","","","","",""
"2","P1","FINANCIERE DE L'ECHIQUIER","GP91004","www.lfde.com","53, avenue d'Iéna, 75116, PARIS","0147239090","11","83","PAB","TOCQUEVILLE SILVER AGE ISR (FR0000446304) | ECHIQUIER ALPHA MAJOR SRI (FR0013406691) | ECHIQUIER ARTY SRI (FR0010611293) | ECHIQUIER CREDIT SRI EUROPE (FR0010491803) | ECHIQUIER HIGH YIELD SRI EUROPE (FR0013193679) | ECHIQUIER MAJOR SRI GROWTH EUROPE (FR0010321828) | ECHIQUIER SHORT TERM CREDIT SRI (FR0010839282) | ECHIQUIER SMID BLEND EURO SRI (FR0010546903) | TOCQUEVILLE EUROPE STRATEGIC TECH SRI (FR0000446296) | ECHIQUIER HEALTH IMPACT FOR ALL (FR0013441714) | ECHIQUIER POSITIVE IMPACT EUROPE (FR0010863688)","11 fonds grand public au nom ESG (socle appelé : PAB)","Actionnariat : participation possible d'un groupe bancaire — à vérifier","https://geco.amf-france.org/societe-de-gestion-agree-francaise/1026","","","","","","","",""
"3","P1","MANDARINE GESTION","GP-08000008","http://www.mandarine-gestion.com","30, Avenue Kléber, 75016, Paris","0153402020","8","127","CTB+PAB","MAM TRANSITION DURABLE ACTIONS (FR0000970949) | MANDARINE PATRIMOINE DURABLE (FR0000971764) | PROXIMITE RENDEMENT DURABLE (FR0014007BD1) | MANDARINE IMPACT GREEN BONDS (FR0000971822) | AFER ACTIONS ENVIRONNEMENT (FR001400A0C9) | FCPR MANDARINE IMPACT SOLIDAIRE (FR0010869339) | ETHIQUE ET PARTAGE - CCFD (FR0000970899) | BF EVOLUTION (FR0010305201)","8 fonds grand public au nom ESG (socles appelés : CTB+PAB) ; point de lecture ESMA sur ETHIQUE ET PARTAGE - CCFD ; terme de transition au sens ESMA dans BF EVOLUTION","","https://geco.amf-france.org/societe-de-gestion-agree-francaise/14170","","","","","","","",""
"4","P1","MANSARTIS GESTION","GP90045","www.mansartis.com","8, place Vendôme, 75001, PARIS","0142961070","7","21","PAB","MANSARTIS AMERIQUE ISR (FR0010317487) | MANSARTIS ASIE ISR (FR0007481429) | MANSARTIS INVESTISSEMENTS ISR (FR0007385109) | MANSARTIS JAPON ISR (FR0010206144) | MANSARTIS TERNATIV ISR (FR0013250982) | MANSARTIS ZONE EURO ISR (FR0007385083) | MANSARTIS GREEN BONDS (FR0013425691)","7 fonds grand public au nom ESG (socle appelé : PAB)","","https://geco.amf-france.org/societe-de-gestion-agree-francaise/933","","","","","","","",""
"5","P1","MONTPENSIER ARBEVEL","GP97125","www.montpensier-arbevel.com/","58, avenue Marceau, 75008, PARIS","0145055555","5","51","PAB","AESCULAPE SRI (FR00140032U2) | BEST BUSINESS MODELS SRI (FR0013073731) | M SPORT SOLUTIONS SRI (FR0013440062) | TECH FUTURE SRI (FR001400A0A3) | MA CLIMATE CLEAN ENERGY (FR0013446812)","5 fonds grand public au nom ESG (socle appelé : PAB)","","https://geco.amf-france.org/societe-de-gestion-agree-francaise/104","","","","","","","",""
"6","P1","1 2 3 INVESTMENT MANAGERS","GP01021","http://www.123-im.com","94 rue de la Victoire, 75009, PARIS","0149269800","5","99","CTB+PAB","IMPACT SENIOR (FR0013412426) | 123 TRANSITION ENERGETIQUE (FR0014009NE0) | SOLIDAIRE MAIF 2014 (FR0012082691) | SOLIDAIRE MAIF 2015 (FR0012830891) | SOLIDAIRE MAIF 2016 (FR0013045804)","5 fonds grand public au nom ESG (socles appelés : CTB+PAB) ; point de lecture ESMA sur 123 TRANSITION ENERGETIQUE","","https://geco.amf-france.org/societe-de-gestion-agree-francaise/747","","","","","","","",""
"7","P1","GAY-LUSSAC GESTION","GP95001","www.gaylussacgestion.com","45,avenue George V, 75008, PARIS","0145616490","3","27","PAB","COLGATE PALMOLIVE ACTIONS DURABLES (990000040179) | GAY-LUSSAC GREEN IMPACT (FR0010178665) | GAY-LUSSAC IMPACT SOCIAL (990000121319)","3 fonds grand public au nom ESG (socle appelé : PAB)","","https://geco.amf-france.org/societe-de-gestion-agree-francaise/1100","","","","","","","",""
"8","P1","LA FINANCIERE RESPONSABLE","GP-08000001","www.la-financiere-responsable.fr","116 rue La Boétie, 75008, PARIS","0175777500","3","4","PAB","LFR EURO DEVELOPPEMENT DURABLE ISR (FR0010526079) | LFR ACTIONS SOLIDAIRES ISR (FR0010610386) | LFR INCLUSION RESPONSABLE ISR (FR0013418647)","3 fonds grand public au nom ESG (socle appelé : PAB) ; point de lecture ESMA sur LFR INCLUSION RESPONSABLE ISR","","https://geco.amf-france.org/societe-de-gestion-agree-francaise/14071","","","","","","","",""
"9","P1","WORMSER FRERES GESTION","GP97088","","7-11 Boulevard Haussmann, 75009, PARIS","0147709080","3","39","PAB","WF Continuation Durable (FR001400UZU2) | WF FCPE VALEURS INTERNATIONALES DURABLES (990000114939) | WF VALEURS INTERNATIONALES DURABLES (FR001400L7U3)","3 fonds grand public au nom ESG (socle appelé : PAB)","","https://geco.amf-france.org/societe-de-gestion-agree-francaise/507","","","","","","","",""
"10","P1","EIFFEL INVESTMENT GROUP","GP-10000035","","22 rue de Marignan, 75008, PARIS","0139543567","3","68","PAB","EIFFEL NOVA EUROPE ISR (FR0011585520) | EIFFEL HIGH YIELD LOW CARBON (FR001400MZD5) | FONDS EIFFEL GAZ VERT S.L.P. (FR0013462066)","3 fonds grand public au nom ESG (socle appelé : PAB)","","https://geco.amf-france.org/societe-de-gestion-agree-francaise/16743","","","","","","","",""
"11","P1","INDEP'AM","GP-06000016","","56 RUE SAINT LAZARE, 75009, PARIS","0153252200","3","16","CTB+PAB","INDEP ACTIONS ISR BAS CARBONE (FR0013382223) | INDEP INDEXACTIONS EURO ESG (FR0010165050) | GARANCE ÉQUILIBRE ET SOLIDAIRE (FR0013202306)","3 fonds grand public au nom ESG (socles appelés : CTB+PAB)","","https://geco.amf-france.org/societe-de-gestion-agree-francaise/9652","","","","","","","",""
"12","P1","IMPACT PARTNERS","GP-08000053","","22 rue de la pépinière, 75008, PARIS","01 42 27 47 70","3","13","PAB","IMPACT CREATION ILE-DE-FRANCE (FR0013231958) | IMPACT CREATION I (FR0013229986) | IMPACT PARTENAIRES III (FR0012353522)","3 fonds grand public au nom ESG (socle appelé : PAB)","","https://geco.amf-france.org/societe-de-gestion-agree-francaise/14653","","","","","","","",""
"13","P1","SANSO LONGCHAMP ASSET MANAGEMENT","GP-11000033","https://sanso-longchamp.com/","17 rue de Chaillot, 75116, PARIS","01.84.16.64.36","3","53","PAB","SANSO SMART CLIMATE (FR0014003NV7) | SANSO CARBON INITIATIVE TRENDS (FR0013251840) | APICIL MONDE ACTIONS RESPONSABLES (FR0011623933)","3 fonds grand public au nom ESG (socle appelé : PAB) ; point de lecture ESMA sur APICIL MONDE ACTIONS RESPONSABLES","","https://geco.amf-france.org/societe-de-gestion-agree-francaise/18596","","","","","","","",""
"14","P1","SWEN CAPITAL PARTNERS","GP-14000047","www.swen-cp.fr","127-129 quai du Président Roosevelt, 92130, ISSY-LES-MOULINEAUX","","3","62","PAB","BLUE OCEAN (FR0014004F68) | SWEN IMPACT FUND FOR TRANSITION (FR0013425485) | SWEN IMPACT FUND FOR TRANSITION 2 (FR0014005ZW4)","3 fonds grand public au nom ESG (socle appelé : PAB) ; point de lecture ESMA sur SWEN IMPACT FUND FOR TRANSITION, SWEN IMPACT FUND FOR TRANSITION 2","Actionnariat : lien possible avec un groupe d'assurance — à vérifier","https://geco.amf-france.org/societe-de-gestion-agree-francaise/21798","","","","","","","",""
"15","P1","MERIDIAM","GP-14000003","","4 Place de l Opéra, 75002, Paris","01 53 34 96 96","4","31","PAB","MERIDIAM SUSTAINABLE INFRASTRUCTURE EASTERN EUROPE IV (FR0014001XN7) | MERIDIAM SUSTAINABLE INFRASTRUCTURE EUROPE IV (FR0014000X86) | MERIDIAM SUSTAINABLE INFRASTRUCTURE EUROPE IV PARALLEL SLP (FR0014002O85) | MERIDIAM SUSTAINABLE WATER AND WASTE FUND (FR0014003Q33)","4 fonds grand public au nom ESG (socle appelé : PAB)","Gérant d'infrastructures surtout institutionnel : vérifier la distribution réelle au grand public","https://geco.amf-france.org/societe-de-gestion-agree-francaise/20741","","","","","","","",""
"16","P2","DEMEA SUSTAINABLE INVESTMENT","GP-05000027","https://demeter-im.com","81 avenue de la Grande armée, 75116, PARIS","","2","17","PAB","FMET-FONDS DE MODERNISATION ECOLOGIQUE DES TRANSPORTS (FR0013144045) | PARIS FONDS VERT (FR0013317484)","2 fonds grand public au nom ESG (socle appelé : PAB)","","https://geco.amf-france.org/societe-de-gestion-agree-francaise/8762","","","","","","","",""
"17","P2","TAILOR AM","GP90031","","23 rue Royale, 75008, PARIS","0158183810","2","23","PAB","TAILOR ACTIONS AVENIR ISR (FR0007472501) | LYSIS ESG THEMATICS (FR0013531357)","2 fonds grand public au nom ESG (socle appelé : PAB)","","https://geco.amf-france.org/societe-de-gestion-agree-francaise/920","","","","","","","",""
"18","P2","C-QUADRAT ASSET MANAGEMENT FRANCE","GP97124","","14 rue de Bassano, 75016, PARIS","+33 1 70 08 08 15","2","9","PAB","C-QUADRAT GLOBAL EQUITY ESG (FR0000994667) | C-QUADRAT GREENSTARS ESG FLEXIBLE (FR0011374073)","2 fonds grand public au nom ESG (socle appelé : PAB)","","https://geco.amf-france.org/societe-de-gestion-agree-francaise/70","","","","","","","",""
"19","P2","Althéis","GP-15000014","https://www.althe.is","231 rue Saint-Honoré, 75001, Paris","01 75 85 97 47","2","3","PAB","YOMONI ALLOCATION ESG (FR0013329786) | YOMONI MONDE ESG (FR0013329778)","2 fonds grand public au nom ESG (socle appelé : PAB)","","https://geco.amf-france.org/societe-de-gestion-agree-francaise/22920","","","","","","","",""
"20","P2","AMIRAL GESTION","GP-04000038","www.amiralgestion.fr","103. rue de Grenelle, 75007, PARIS","0147207818","2","48","PAB","AMIRAL CLIMATE SOLUTIONS – DEBT FUND 1 (FR001400IRP4) | SEXTANT CLIMATE TRANSITION EUROPE (FR001400A5A2)","2 fonds grand public au nom ESG (socle appelé : PAB) ; point de lecture ESMA sur SEXTANT CLIMATE TRANSITION EUROPE","","https://geco.amf-france.org/societe-de-gestion-agree-francaise/833","","","","","","","",""
"21","P2","PHILIPPE HOTTINGUER GESTION - Groupe Philippe HOTTINGUER","GP-11000021","www.phhgestion.com","9 rue Vézelay, 75008, PARIS","01 78 91 79 00","2","6","PAB","ABACUS GREEN DEAL (FR0014008KI9) | ABACUS CREDIT IMPACT (FR001400FT48)","2 fonds grand public au nom ESG (socle appelé : PAB)","","https://geco.amf-france.org/societe-de-gestion-agree-francaise/17865","","","","","","","",""
"22","P2","SUNNY ASSET MANAGEMENT","GP-08000045","www.sunny-am.com","85 rue Jouffroy d'Abbans, 75017, PARIS","0180271857","2","59","CTB+PAB","SUNNY GREEN BONDS 2028 (FR001400KTM3) | CP INVEST EVOLUTION (FR0014009IK7)","2 fonds grand public au nom ESG (socles appelés : CTB+PAB) ; terme de transition au sens ESMA dans CP INVEST EVOLUTION","","https://geco.amf-france.org/societe-de-gestion-agree-francaise/14593","","","","","","","",""
"23","P2","QUAERO CAPITAL (FRANCE) SAS","GP-14000016","www.quaerocapital.com","6 RUE DARU, 75008, PARIS","01 87 39 11 33","2","14","PAB","Quaero Water Infra Fund S.L.P. (AMF100032339) | QUAERO BONDS IMPACT OPPORTUNITIES (FR0014007811)","2 fonds grand public au nom ESG (socle appelé : PAB)","","https://geco.amf-france.org/societe-de-gestion-agree-francaise/20866","","","","","","","",""
"24","P3","EQUIGEST","GP99020","www.equigest.fr","153, rue du Faubourg Saint Honoré, 75008, PARIS","0143126100","1","13","PAB","EQUI-DEVELOPPEMENT DURABLE (FR0014006Q63)","1 fonds grand public au nom ESG (socle appelé : PAB)","","https://geco.amf-france.org/societe-de-gestion-agree-francaise/615","","","","","","","",""
"25","P3","OCTOBER FACTORY","GP-16000030","","40 Rue de Monceau, 75008, PARIS","0630069889","1","7","PAB","FONDS ASSUREURS - CDC RELANCE DURABLE TOURISME (FR0013532959)","1 fonds grand public au nom ESG (socle appelé : PAB)","","https://geco.amf-france.org/societe-de-gestion-agree-francaise/24291","","","","","","","",""
"26","P3","MONTAIGNE CAPITAL","GP-09000024","www.montaigne-capital.com","33 avenue de l'Opéra, 75002, Paris","0140155550","1","10","PAB","MC LEADERS DURABLES (FR0013449360)","1 fonds grand public au nom ESG (socle appelé : PAB)","","https://geco.amf-france.org/societe-de-gestion-agree-francaise/15710","","","","","","","",""
"27","P3","SAGIS ASSET MANAGEMENT","GP-13000024","","72 avenue Victor Hugo, 75116, Paris","01 76 62 26 22","1","12","PAB","S ACTIONS DURABLES MIROVA (FR001400UW28)","1 fonds grand public au nom ESG (socle appelé : PAB)","","https://geco.amf-france.org/societe-de-gestion-agree-francaise/20278","","","","","","","",""
"28","P3","GEFIP - GESTION FINANCIERE PRIVEE","GP90043","https://www.gefip.fr/","223, rue Saint Honoré, 75001, PARIS","0142965737","1","8","PAB","GEFIP EUROLAND ISR (FR0014006Z05)","1 fonds grand public au nom ESG (socle appelé : PAB)","","https://geco.amf-france.org/societe-de-gestion-agree-francaise/931","","","","","","","",""
"29","P3","KEREN FINANCE","GP01001","www.kerenfinance.com","12 bis, place Henri Bergson, 75008, PARIS","","1","16","PAB","KEREN CREDIT ISR (FR0014000W38)","1 fonds grand public au nom ESG (socle appelé : PAB)","","https://geco.amf-france.org/societe-de-gestion-agree-francaise/720","","","","","","","",""
"30","P3","AURIS GESTION","GP-04000069","","157 Boulevard Haussmann, 75008, PARIS","0142258340","1","145","PAB","LC EURO TUTELLE ISR (FR001400BP38)","1 fonds grand public au nom ESG (socle appelé : PAB)","","https://geco.amf-france.org/societe-de-gestion-agree-francaise/8602","","","","","","","",""
"31","P3","ARGOS FRANCE S.A.S","GP-05000033","https://argos.fund/","112 avenue de Wagram, 75017, PARIS","0153672050","1","20","PAB","ARGOS CLIMATE F&F (FR001400JH48)","1 fonds grand public au nom ESG (socle appelé : PAB)","","https://geco.amf-france.org/societe-de-gestion-agree-francaise/8777","","","","","","","",""
"32","P3","FIDEAS CAPITAL SAS","GP-07000046","www.fideas.fr","75 rue d'Amsterdam, 75008, PARIS","01 78 09 19 80","1","12","PAB","FIDEAS ACT FOR CLIMATE (FR001400CX86)","1 fonds grand public au nom ESG (socle appelé : PAB)","","https://geco.amf-france.org/societe-de-gestion-agree-francaise/13657","","","","","","","",""
"33","P3","KANOPY AM","GP-10000038","https://kanopy-am.com/","38 rue Etienne Marcel, 75002, PARIS","0663233602","1","2","PAB","KANOPY ACTIVE CLIMATE TRANSITION (FR001400GFE7)","1 fonds grand public au nom ESG (socle appelé : PAB) ; point de lecture ESMA sur KANOPY ACTIVE CLIMATE TRANSITION","","https://geco.amf-france.org/societe-de-gestion-agree-francaise/16783","","","","","","","",""
"34","P3","HOMA CAPITAL","GP-11000002","www.homacapital.fr","1, Boulevard Pasteur, 75015, PARIS","0175774700","1","11","PAB","GREEN AND IMPACT BOND FRANCE (FR0013387099)","1 fonds grand public au nom ESG (socle appelé : PAB)","","https://geco.amf-france.org/societe-de-gestion-agree-francaise/16895","","","","","","","",""
"35","P3","SAINT OLIVE GESTION","GP-05000016","","84, rue Duguesclin, 69006, LYON","0472821010","1","29","PAB","SOLAR AKICITA (FR0010479865)","1 fonds grand public au nom ESG (socle appelé : PAB)","","https://geco.amf-france.org/societe-de-gestion-agree-francaise/492","","","","","","","",""
"36","P3","DAUPHINE AM","GP-17000033","www.dauphine-am.fr","67 rue La Boétie, 75008, Paris","01 47 20 58 07","1","4","PAB","AMBITION POUR LA PLANETE (FR0013528304)","1 fonds grand public au nom ESG (socle appelé : PAB)","","https://geco.amf-france.org/societe-de-gestion-agree-francaise/25295","","","","","","","",""
"37","P3","MCA FINANCE","GP90116","www.mcafinance.fr","48 C boulevard du Marechal FOCH, 49051, ANGERS CEDEX 02","0241873000","1","22","PAB","GESTION PRIVEE PLANETE (FR0000930836)","1 fonds grand public au nom ESG (socle appelé : PAB)","","https://geco.amf-france.org/societe-de-gestion-agree-francaise/996","","","","","","","",""
"38","P3","UZES GESTION","GP-04000053","","75002, PARIS","0145089640","1","26","CTB","FCPE TRECENTO OBLIGATAIRE SOLIDAIRE (990000115259)","1 fonds grand public au nom ESG (socle appelé : CTB)","Seul fonds retenu : un FCPE (épargne salariale)","https://geco.amf-france.org/societe-de-gestion-agree-francaise/221","","","","","","","",""
"39","P3","HORIZON ASSET MANAGEMENT","GP-16000018","https://www.horizon-am.fr/","21 B rue Jacques Cartier, 78960, VOISINS LE BRETONNEUX","","1","10","PAB","HORIZON IMPACT - COMPARTIMENT FRANCE HABITAT (FR0013215639)","1 fonds grand public au nom ESG (socle appelé : PAB)","","https://geco.amf-france.org/societe-de-gestion-agree-francaise/23631","","","","","","","",""
"40","P3","RCUBE ASSET MANAGEMENT","GP-13000027","www.rcube.com","9 avenue Franklin Roosevelt, 75008, PARIS","0145643103","1","6","CTB","GBI GOOD GOVERNANCE UCITS (FR0013525854)","1 fonds grand public au nom ESG (socle appelé : CTB)","","https://geco.amf-france.org/societe-de-gestion-agree-francaise/20249","","","","","","","",""
